{
  "name": "redux-node",
  "version": "1.0.0",
  "description": "",
  "main": "saga.js",
  "scripts": {
    "test": "jest",
    "coverage": "jest --coverage",

    "start": "babel-node saga.js"
  },
  "keywords": [],
  "author": "",
  "license": "ISC",
  "dependencies": {
    "@redux-saga/testing-utils": "^1.1.3",
    "redux-saga": "^1.1.3",
    "eventemitter2": "^6.4.5"
  },
  "devDependencies": {
    "@babel/runtime": "^7.17.8",
    "@babel/cli": "^7.16.0",
    "@babel/core": "^7.17.8",
    "@babel/node": "^7.16.8",
    "@babel/plugin-transform-runtime": "^7.17.0",
    "@babel/polyfill": "^7.12.1",
    "@babel/preset-env": "^7.16.11",
    "babel-jest": "^27.5.1",
    "jest": "^27.5.1"
  }
}
